,dreb_pg,oreb_pg,ast_pg,stl_pg,blk_pg,fg_attempted_pg,fg_made_pg,ft_attempted_pg,ft_made_pg,tov_pg,team_fga_pg,team_fta_pg,team_tov_pg
0,3.9375,0.46875,1.65625,1.46875,0.125,10.75,4.53125,1.4375,1.21875,1.875,67.78299476524587,24.711036861266283,13.664873898348592
1,1.7241379310344827,0.2413793103448276,1.6896551724137931,0.7586206896551724,0.10344827586206896,3.4827586206896552,1.5172413793103448,1.6896551724137931,1.1379310344827587,1.0,67.78299476524587,24.711036861266283,13.664873898348592
2,0.0,0.0,0.0,0.2,0.0,0.6,0.0,0.0,0.0,0.4,66.66015325670499,19.789299397920086,10.629064039408867
3,2.0357142857142856,1.4285714285714286,0.25,0.6785714285714286,0.8214285714285714,3.857142857142857,2.2142857142857144,1.8928571428571428,1.1428571428571428,1.1785714285714286,59.068048144554936,21.922249589490967,13.984425451141759
4,1.5862068965517242,0.10344827586206896,0.896551724137931,0.8275862068965517,0.1724137931034483,8.137931034482758,3.3448275862068964,1.5862068965517242,1.2758620689655173,1.0344827586206897,60.6644253734771,22.15436655946945,12.379609741852512
5,4.096774193548387,1.032258064516129,4.0,3.3548387096774195,0.16129032258064516,12.806451612903226,5.354838709677419,2.806451612903226,1.8064516129032258,3.6774193548387095,78.33126819000428,20.126160754336507,18.799856931629733
6,0.0,0.0,0.0,0.2,0.0,0.2,0.2,0.4,0.4,0.0,66.66015325670499,19.789299397920086,10.629064039408867
7,1.7,0.5666666666666667,0.9333333333333333,0.7333333333333333,0.13333333333333333,7.866666666666666,3.466666666666667,1.7333333333333334,1.4,0.8,67.78299476524587,24.711036861266283,13.664873898348592
8,0.2857142857142857,0.0,0.14285714285714285,0.14285714285714285,0.0,0.42857142857142855,0.14285714285714285,0.0,0.0,0.5714285714285714,60.6644253734771,22.15436655946945,12.379609741852512
9,0.1111111111111111,0.1111111111111111,0.0,0.2222222222222222,0.0,0.6666666666666666,0.2222222222222222,0.0,0.0,0.2222222222222222,62.661238497320255,21.71397259581353,11.370108341479309
10,2.0606060606060606,0.30303030303030304,2.212121212121212,1.1515151515151516,0.36363636363636365,6.636363636363637,2.878787878787879,3.878787878787879,3.0,1.8484848484848484,69.80365315687897,22.66462462268914,15.42295428585751
11,0.0,0.25,0.0,0.0,0.0,0.5,0.25,0.0,0.0,0.0,66.66015325670499,19.789299397920086,10.629064039408867
12,0.47368421052631576,0.21052631578947367,1.8421052631578947,0.3684210526315789,0.05263157894736842,0.9473684210526315,0.3684210526315789,0.0,0.0,0.8947368421052632,59.068048144554936,21.922249589490967,13.984425451141759
13,0.25,0.25,0.75,0.75,0.0,2.25,0.5,0.5,0.25,0.25,71.20226512892546,22.107741278329513,13.229190796553226
14,1.3333333333333333,0.0,0.3333333333333333,0.3333333333333333,0.0,2.6666666666666665,1.3333333333333333,0.0,0.0,0.3333333333333333,67.35349692806304,25.71230412955614,13.79457296378426
15,2.909090909090909,2.3181818181818183,0.5909090909090909,0.5,1.2272727272727273,3.3636363636363638,1.9545454545454546,1.4545454545454546,0.8636363636363636,1.2727272727272727,70.44860761997859,24.502013219755156,15.048996590327235
16,2.0606060606060606,0.45454545454545453,2.696969696969697,1.5757575757575757,0.18181818181818182,7.303030303030303,2.878787878787879,1.0303030303030303,0.696969696969697,1.9090909090909092,69.80365315687897,22.66462462268914,15.42295428585751
17,3.9393939393939394,1.303030303030303,3.5757575757575757,1.4242424242424243,0.09090909090909091,12.303030303030303,6.303030303030303,5.121212121212121,3.9393939393939394,3.303030303030303,70.44860761997859,24.502013219755156,15.048996590327235
18,0.7666666666666667,0.26666666666666666,0.6,0.6666666666666666,0.13333333333333333,3.2,0.9333333333333333,1.0,0.7,0.4666666666666667,64.36598613196222,20.879461331679074,14.244043951969426
19,1.0,0.0,0.0,0.0,0.0,1.0,0.0,0.0,0.0,0.0,66.66015325670499,19.789299397920086,10.629064039408867
20,2.53125,0.65625,2.125,0.9375,0.0,6.625,3.09375,1.59375,0.96875,1.8125,77.1287122375832,26.28814004096262,12.4869794333504
21,1.46875,0.15625,2.5625,1.0,0.03125,3.59375,1.5,0.8125,0.65625,1.5625,68.18009894091415,26.089607984469303,15.249487399157564
22,0.16666666666666666,0.0,0.0,0.0,0.0,0.8333333333333334,0.3333333333333333,0.0,0.0,0.3333333333333333,64.36598613196222,20.879461331679074,14.244043951969426
23,0.48148148148148145,0.07407407407407407,0.4074074074074074,0.0,0.037037037037037035,2.814814814814815,1.2962962962962963,0.8888888888888888,0.8148148148148148,0.37037037037037035,66.37446553990671,19.520578155504626,10.961187070010599
24,3.4411764705882355,2.1470588235294117,0.7941176470588235,0.5294117647058824,0.47058823529411764,4.5,2.764705882352941,2.8529411764705883,1.9705882352941178,1.0294117647058822,71.5014068719951,25.375301060595177,16.827332797921034
25,4.8,3.0,0.7,1.1,0.7,9.5,5.1,5.6,4.5,1.1,77.1287122375832,26.28814004096262,12.4869794333504
26,0.6842105263157895,0.10526315789473684,0.15789473684210525,0.2631578947368421,0.0,1.5789473684210527,0.47368421052631576,0.7368421052631579,0.5789473684210527,0.42105263157894735,61.89632110579479,25.173067100311684,15.15991577279503
27,0.4230769230769231,0.23076923076923078,0.5769230769230769,0.38461538461538464,0.0,2.230769230769231,0.6538461538461539,0.9230769230769231,0.8461538461538461,0.5384615384615384,60.6644253734771,22.15436655946945,12.379609741852512
28,2.3333333333333335,1.5,0.16666666666666666,0.25,0.16666666666666666,2.0,0.9166666666666666,1.125,0.7083333333333334,0.6666666666666666,77.1287122375832,26.28814004096262,12.4869794333504
29,4.03030303030303,1.4545454545454546,0.7272727272727273,0.7272727272727273,1.0909090909090908,8.424242424242424,3.6666666666666665,2.6666666666666665,1.7272727272727273,1.606060606060606,70.44860761997859,24.502013219755156,15.048996590327235
30,0.7,0.3,0.1,0.2,0.1,0.7,0.2,1.1,0.3,0.7,71.5014068719951,25.375301060595177,16.827332797921034
31,0.5,0.125,0.125,0.25,0.0,0.5,0.375,0.0,0.0,0.25,60.6644253734771,22.15436655946945,12.379609741852512
32,4.676470588235294,0.6470588235294118,1.6176470588235294,1.2941176470588236,0.2647058823529412,8.5,3.4411764705882355,2.411764705882353,1.7647058823529411,1.7058823529411764,71.5014068719951,25.375301060595177,16.827332797921034
33,1.375,0.53125,0.6875,0.28125,0.0,8.8125,4.0,1.5,1.3125,0.78125,60.12512103338716,15.315090524767944,10.273972406028857
34,1.0,0.0,0.0,0.0,0.0,2.0,0.5,0.0,0.0,0.0,67.35349692806304,25.71230412955614,13.79457296378426
35,0.3333333333333333,0.3333333333333333,0.0,0.0,0.0,3.0,0.0,0.6666666666666666,0.3333333333333333,0.3333333333333333,67.78299476524587,24.711036861266283,13.664873898348592
36,1.1153846153846154,0.38461538461538464,0.34615384615384615,0.11538461538461539,0.07692307692307693,1.3461538461538463,0.6153846153846154,0.34615384615384615,0.11538461538461539,0.2692307692307692,60.12512103338716,15.315090524767944,10.273972406028857
37,0.6428571428571429,0.5,0.2857142857142857,0.21428571428571427,0.14285714285714285,0.9285714285714286,0.35714285714285715,0.0,0.0,0.0,60.12512103338716,15.315090524767944,10.273972406028857
38,0.8461538461538461,0.23076923076923078,0.15384615384615385,0.0,0.15384615384615385,0.7692307692307693,0.5384615384615384,0.0,0.0,0.15384615384615385,66.37446553990671,19.520578155504626,10.961187070010599
39,2.5384615384615383,1.0,0.6923076923076923,0.6153846153846154,0.15384615384615385,5.923076923076923,2.3076923076923075,3.6923076923076925,2.6923076923076925,1.1538461538461537,72.31415721375399,25.331005016488888,14.323851887359952
40,0.8666666666666667,0.06666666666666667,0.06666666666666667,0.0,0.06666666666666667,1.2666666666666666,0.4,0.13333333333333333,0.06666666666666667,0.3333333333333333,64.36598613196222,20.879461331679074,14.244043951969426
41,1.0,0.0,0.0,0.0,0.0,1.0,0.0,0.0,0.0,0.0,72.31415721375399,25.331005016488888,14.323851887359952
42,1.0,0.125,0.0,0.0,0.0,0.5,0.25,0.75,0.5,0.375,62.661238497320255,21.71397259581353,11.370108341479309
43,0.8,0.4666666666666667,0.13333333333333333,0.3333333333333333,0.0,1.8666666666666667,0.8666666666666667,0.6,0.4666666666666667,0.2,66.37446553990671,19.520578155504626,10.961187070010599
44,1.8823529411764706,0.6764705882352942,1.2647058823529411,1.2647058823529411,0.2647058823529412,7.323529411764706,2.9705882352941178,2.1470588235294117,1.5294117647058822,1.3823529411764706,61.89632110579479,25.173067100311684,15.15991577279503
45,2.7096774193548385,0.9032258064516129,1.967741935483871,1.967741935483871,0.22580645161290322,10.0,4.0,2.032258064516129,1.5806451612903225,1.4193548387096775,60.6644253734771,22.15436655946945,12.379609741852512
46,1.6,0.3,0.4,0.55,0.2,1.95,0.7,0.65,0.55,0.65,62.661238497320255,21.71397259581353,11.370108341479309
47,1.0,0.0,0.5,0.5,0.0,1.5,0.5,0.0,0.0,0.0,70.44860761997859,24.502013219755156,15.048996590327235
48,2.34375,0.25,1.0625,0.71875,0.3125,9.53125,3.84375,2.125,1.78125,0.71875,72.31415721375399,25.331005016488888,14.323851887359952
49,2.21875,0.25,1.3125,0.6875,0.25,12.125,4.65625,1.6875,1.28125,0.75,62.661238497320255,21.71397259581353,11.370108341479309
50,0.5714285714285714,0.42857142857142855,0.14285714285714285,0.0,0.2857142857142857,1.7142857142857142,0.2857142857142857,0.14285714285714285,0.0,0.2857142857142857,71.20226512892546,22.107741278329513,13.229190796553226
51,2.269230769230769,0.8076923076923077,0.5769230769230769,0.34615384615384615,0.038461538461538464,6.423076923076923,2.576923076923077,1.9230769230769231,1.5,1.5769230769230769,64.36598613196222,20.879461331679074,14.244043951969426
52,3.7333333333333334,1.6,0.9666666666666667,0.9,0.13333333333333333,9.533333333333333,3.6666666666666665,5.166666666666667,4.166666666666667,2.033333333333333,68.18009894091415,26.089607984469303,15.249487399157564
53,2.4285714285714284,1.0714285714285714,0.35714285714285715,0.7857142857142857,0.14285714285714285,4.785714285714286,1.6428571428571428,1.7142857142857142,1.5,1.0,72.31415721375399,25.331005016488888,14.323851887359952
54,1.25,1.0357142857142858,0.6785714285714286,0.5357142857142857,0.21428571428571427,4.035714285714286,1.7142857142857142,1.5357142857142858,1.1785714285714286,0.6071428571428571,59.068048144554936,21.922249589490967,13.984425451141759
55,1.6451612903225807,0.8387096774193549,0.41935483870967744,0.16129032258064516,0.9032258064516129,1.935483870967742,1.064516129032258,0.7741935483870968,0.41935483870967744,0.8709677419354839,69.80861170099212,25.816826777227224,18.828578330580555
56,2.2941176470588234,1.1176470588235294,0.23529411764705882,0.11764705882352941,1.0294117647058822,2.911764705882353,1.5294117647058822,1.4705882352941178,0.7647058823529411,0.9705882352941176,71.20226512892546,22.107741278329513,13.229190796553226
57,1.1333333333333333,0.6666666666666666,0.2,0.2,0.26666666666666666,1.7333333333333334,0.6,0.6666666666666666,0.3333333333333333,0.3333333333333333,68.18009894091415,26.089607984469303,15.249487399157564
58,2.6875,0.15625,3.90625,0.71875,0.03125,6.59375,2.6875,1.40625,1.09375,1.28125,60.12512103338716,15.315090524767944,10.273972406028857
59,1.9428571428571428,0.22857142857142856,4.285714285714286,1.542857142857143,0.05714285714285714,6.457142857142857,3.1714285714285713,1.6571428571428573,1.2285714285714286,1.4857142857142858,66.37446553990671,19.520578155504626,10.961187070010599
60,2.676470588235294,1.2352941176470589,1.2647058823529411,1.4705882352941178,0.5,3.764705882352941,1.7941176470588236,2.735294117647059,2.0,2.0,61.89632110579479,25.173067100311684,15.15991577279503
61,1.0,0.25,0.5,0.0,0.0,1.25,0.25,0.0,0.0,0.25,70.44860761997859,24.502013219755156,15.048996590327235
62,4.0,0.5,3.5,1.5,0.5,9.0,3.5,4.5,3.5,3.0,69.80861170099212,25.816826777227224,18.828578330580555
63,2.8823529411764706,0.9411764705882353,3.4705882352941178,1.1176470588235294,0.08823529411764706,10.058823529411764,4.176470588235294,3.4705882352941178,2.6176470588235294,2.0294117647058822,71.20226512892546,22.107741278329513,13.229190796553226
64,2.606060606060606,0.36363636363636365,0.6363636363636364,0.6666666666666666,0.36363636363636365,6.666666666666667,2.696969696969697,1.5757575757575757,1.121212121212121,1.121212121212121,71.5014068719951,25.375301060595177,16.827332797921034
65,3.0606060606060606,0.45454545454545453,1.6363636363636365,0.6666666666666666,0.21212121212121213,10.727272727272727,4.515151515151516,3.1515151515151514,2.6363636363636362,1.7575757575757576,64.36598613196222,20.879461331679074,14.244043951969426
66,1.8484848484848484,0.24242424242424243,2.0,1.5757575757575757,0.15151515151515152,7.96969696969697,2.909090909090909,3.6363636363636362,2.6666666666666665,0.9696969696969697,60.6644253734771,22.15436655946945,12.379609741852512
67,5.964285714285714,3.857142857142857,0.42857142857142855,0.5,2.392857142857143,9.75,5.75,5.5,3.6785714285714284,2.0357142857142856,67.35349692806304,25.71230412955614,13.79457296378426
68,4.0,2.4375,0.53125,0.28125,2.0,8.53125,5.875,6.40625,4.875,2.0,67.78299476524587,24.711036861266283,13.664873898348592
69,2.40625,0.8125,1.6875,1.125,0.125,5.875,2.3125,2.53125,1.40625,1.28125,62.661238497320255,21.71397259581353,11.370108341479309
70,0.6666666666666666,0.0,0.6666666666666666,1.0,0.0,1.3333333333333333,0.3333333333333333,0.0,0.0,0.3333333333333333,64.36598613196222,20.879461331679074,14.244043951969426
71,3.9565217391304346,1.6956521739130435,1.3478260869565217,0.6956521739130435,0.5217391304347826,8.173913043478262,2.8260869565217392,2.4347826086956523,1.6956521739130435,1.3043478260869565,68.18009894091415,26.089607984469303,15.249487399157564
72,2.272727272727273,1.1818181818181819,2.272727272727273,1.5909090909090908,0.2727272727272727,7.7272727272727275,3.1363636363636362,2.772727272727273,2.272727272727273,1.6818181818181819,78.33126819000428,20.126160754336507,18.799856931629733
73,2.3333333333333335,1.5757575757575757,1.606060606060606,1.5151515151515151,0.48484848484848486,7.575757575757576,2.8181818181818183,2.1818181818181817,1.7575757575757576,1.393939393939394,69.80365315687897,22.66462462268914,15.42295428585751
74,0.8181818181818182,0.9090909090909091,0.09090909090909091,0.18181818181818182,0.22727272727272727,3.1818181818181817,2.1818181818181817,0.9090909090909091,0.5454545454545454,0.6818181818181818,61.89632110579479,25.173067100311684,15.15991577279503
75,1.0,1.09375,0.21875,0.34375,0.28125,3.21875,1.84375,1.3125,0.78125,0.875,60.6644253734771,22.15436655946945,12.379609741852512
76,0.6875,0.25,0.78125,0.5625,0.03125,2.40625,0.59375,0.6875,0.34375,0.4375,70.44860761997859,24.502013219755156,15.048996590327235
77,2.838709677419355,1.032258064516129,0.5483870967741935,0.6451612903225806,0.2903225806451613,4.806451612903226,1.7741935483870968,1.7741935483870968,1.3548387096774193,0.5806451612903226,67.35349692806304,25.71230412955614,13.79457296378426
78,2.8529411764705883,0.5588235294117647,2.3823529411764706,0.9411764705882353,0.058823529411764705,12.382352941176471,5.705882352941177,2.7058823529411766,2.323529411764706,2.0,71.5014068719951,25.375301060595177,16.827332797921034
79,2.65625,0.65625,1.71875,1.4375,0.0625,14.3125,5.65625,4.40625,3.625,1.4375,77.1287122375832,26.28814004096262,12.4869794333504
80,3.272727272727273,2.121212121212121,1.121212121212121,1.393939393939394,0.24242424242424243,7.121212121212121,3.0,1.8484848484848484,1.2121212121212122,0.9090909090909091,64.36598613196222,20.879461331679074,14.244043951969426
81,0.5,0.75,0.25,0.0,0.0,1.0,0.25,0.25,0.0,0.25,70.44860761997859,24.502013219755156,15.048996590327235
82,1.6296296296296295,0.9259259259259259,0.2962962962962963,0.6296296296296297,0.0,4.111111111111111,1.8888888888888888,1.2592592592592593,0.7777777777777778,0.5185185185185185,67.35349692806304,25.71230412955614,13.79457296378426
83,2.206896551724138,0.6551724137931034,0.3793103448275862,0.20689655172413793,0.1724137931034483,3.896551724137931,1.3448275862068966,0.7931034482758621,0.6551724137931034,0.6206896551724138,67.78299476524587,24.711036861266283,13.664873898348592
84,1.3235294117647058,0.38235294117647056,1.8235294117647058,1.2941176470588236,0.11764705882352941,4.264705882352941,1.7647058823529411,2.323529411764706,1.7352941176470589,1.7941176470588236,61.89632110579479,25.173067100311684,15.15991577279503
85,3.1875,0.5625,3.9375,1.59375,0.21875,6.25,3.0,3.1875,2.0,2.25,60.6644253734771,22.15436655946945,12.379609741852512
86,0.5,0.0,0.0,0.0,0.0,0.25,0.0,0.0,0.0,0.0,60.6644253734771,22.15436655946945,12.379609741852512
87,1.0,0.78125,0.8125,0.46875,0.375,1.71875,0.90625,0.75,0.53125,0.71875,78.33126819000428,20.126160754336507,18.799856931629733
88,1.7419354838709677,0.9032258064516129,0.7419354838709677,0.22580645161290322,0.3548387096774194,2.3225806451612905,0.9354838709677419,1.032258064516129,0.8387096774193549,1.0,69.80365315687897,22.66462462268914,15.42295428585751
89,0.6666666666666666,0.0,0.6666666666666666,0.3333333333333333,0.0,2.0,0.3333333333333333,0.0,0.0,0.3333333333333333,70.44860761997859,24.502013219755156,15.048996590327235
90,1.2962962962962963,0.4074074074074074,0.14814814814814814,0.3333333333333333,0.3333333333333333,2.5555555555555554,1.5555555555555556,0.6296296296296297,0.48148148148148145,0.6296296296296297,61.89632110579479,25.173067100311684,15.15991577279503
91,1.8484848484848484,0.48484848484848486,0.2727272727272727,0.21212121212121213,0.696969696969697,2.727272727272727,1.3333333333333333,0.696969696969697,0.48484848484848486,0.5151515151515151,60.6644253734771,22.15436655946945,12.379609741852512
92,3.5,1.1176470588235294,1.1764705882352942,0.4411764705882353,0.20588235294117646,4.617647058823529,2.2941176470588234,2.2058823529411766,1.4705882352941178,1.2647058823529411,71.5014068719951,25.375301060595177,16.827332797921034
93,3.5,0.6071428571428571,1.5,0.7142857142857143,0.14285714285714285,6.678571428571429,2.7142857142857144,2.5,1.9642857142857142,1.4642857142857142,77.1287122375832,26.28814004096262,12.4869794333504
94,3.5757575757575757,0.9090909090909091,0.8787878787878788,0.696969696969697,0.6363636363636364,10.878787878787879,4.363636363636363,2.393939393939394,1.6666666666666667,1.696969696969697,69.80861170099212,25.816826777227224,18.828578330580555
95,5.787878787878788,3.393939393939394,1.2121212121212122,1.1818181818181819,0.9090909090909091,9.848484848484848,5.96969696969697,3.878787878787879,2.4242424242424243,1.2121212121212122,71.20226512892546,22.107741278329513,13.229190796553226
96,0.65,0.3,0.25,0.0,0.3,0.45,0.2,0.75,0.6,0.55,62.661238497320255,21.71397259581353,11.370108341479309
97,0.76,0.08,0.76,0.44,0.0,2.44,1.04,0.52,0.44,0.76,68.18009894091415,26.089607984469303,15.249487399157564
98,2.75,1.46875,0.46875,0.4375,0.625,2.09375,1.3125,1.3125,0.90625,0.6875,62.661238497320255,21.71397259581353,11.370108341479309
99,0.0,0.0,0.0,0.0,0.4,1.0,0.2,0.8,0.8,0.8,71.5014068719951,25.375301060595177,16.827332797921034
100,4.576923076923077,1.8461538461538463,2.9615384615384617,1.1153846153846154,0.9615384615384616,8.73076923076923,3.769230769230769,5.269230769230769,2.6153846153846154,2.1538461538461537,72.31415721375399,25.331005016488888,14.323851887359952
101,3.1875,1.625,0.6875,0.75,0.375,3.65625,1.65625,2.3125,1.8125,0.84375,70.44860761997859,24.502013219755156,15.048996590327235
102,0.4166666666666667,0.25,0.5,0.16666666666666666,0.08333333333333333,0.5,0.25,0.3333333333333333,0.0,0.16666666666666666,61.89632110579479,25.173067100311684,15.15991577279503
103,0.46875,0.0625,0.21875,0.125,0.0,1.75,0.6875,0.5,0.34375,0.4375,60.12512103338716,15.315090524767944,10.273972406028857
104,0.84375,0.0625,0.375,0.34375,0.0625,1.375,0.3125,0.125,0.03125,0.21875,66.37446553990671,19.520578155504626,10.961187070010599
105,0.75,0.25,0.16666666666666666,0.0,0.0,1.0833333333333333,0.4166666666666667,0.6666666666666666,0.25,0.25,59.068048144554936,21.922249589490967,13.984425451141759
106,0.8666666666666667,0.06666666666666667,1.9333333333333333,0.36666666666666664,0.0,2.1333333333333333,0.7,1.0,0.7,1.3333333333333333,62.661238497320255,21.71397259581353,11.370108341479309
107,0.7333333333333333,0.13333333333333333,0.4,0.6333333333333333,0.06666666666666667,3.6666666666666665,1.2,0.4666666666666667,0.36666666666666664,0.26666666666666666,78.33126819000428,20.126160754336507,18.799856931629733
108,0.2777777777777778,0.1111111111111111,0.2777777777777778,0.2777777777777778,0.0,1.8888888888888888,0.7222222222222222,0.3333333333333333,0.2777777777777778,0.2222222222222222,69.80365315687897,22.66462462268914,15.42295428585751
109,4.3125,1.875,2.375,2.125,1.71875,11.71875,5.6875,5.0625,3.6875,2.53125,67.35349692806304,25.71230412955614,13.79457296378426
110,3.0,1.2727272727272727,0.45454545454545453,0.9090909090909091,0.2727272727272727,7.181818181818182,4.0,1.6363636363636365,1.0909090909090908,0.6363636363636364,66.37446553990671,19.520578155504626,10.961187070010599
111,0.0,0.0,0.1111111111111111,0.0,0.0,0.4444444444444444,0.0,0.0,0.0,0.1111111111111111,69.80861170099212,25.816826777227224,18.828578330580555
112,0.6,0.0,0.0,0.0,0.2,1.0,0.2,0.0,0.0,0.0,71.20226512892546,22.107741278329513,13.229190796553226
113,1.25,0.8888888888888888,0.6388888888888888,0.19444444444444445,0.6111111111111112,1.1944444444444444,0.6944444444444444,0.8333333333333334,0.5555555555555556,0.4444444444444444,66.66015325670499,19.789299397920086,10.629064039408867
114,2.193548387096774,0.5806451612903226,2.096774193548387,0.8387096774193549,0.25806451612903225,3.4516129032258065,1.6451612903225807,1.5483870967741935,0.9354838709677419,1.1935483870967742,59.068048144554936,21.922249589490967,13.984425451141759
115,2.3076923076923075,1.3076923076923077,1.3076923076923077,1.1538461538461537,0.3076923076923077,5.0,2.769230769230769,1.6153846153846154,1.2307692307692308,2.230769230769231,78.33126819000428,20.126160754336507,18.799856931629733
116,3.129032258064516,1.7096774193548387,0.9354838709677419,1.032258064516129,0.5161290322580645,7.838709677419355,3.064516129032258,3.7096774193548385,2.5161290322580645,1.8709677419354838,69.80365315687897,22.66462462268914,15.42295428585751
117,2.121212121212121,1.0303030303030303,0.8484848484848485,0.7575757575757576,0.42424242424242425,6.636363636363637,3.212121212121212,3.4242424242424243,1.8484848484848484,1.0303030303030303,78.33126819000428,20.126160754336507,18.799856931629733
118,4.032258064516129,1.1290322580645162,1.7419354838709677,1.1935483870967742,0.4838709677419355,10.741935483870968,5.161290322580645,5.516129032258065,3.7419354838709675,1.7419354838709677,69.80365315687897,22.66462462268914,15.42295428585751
119,2.1515151515151514,1.4242424242424243,1.303030303030303,0.8787878787878788,0.7272727272727273,7.212121212121212,2.515151515151515,2.5454545454545454,1.6666666666666667,1.303030303030303,69.80861170099212,25.816826777227224,18.828578330580555
120,2.176470588235294,0.8823529411764706,0.8823529411764706,0.7647058823529411,0.5,4.617647058823529,1.588235294117647,1.9705882352941178,1.2058823529411764,1.1470588235294117,71.20226512892546,22.107741278329513,13.229190796553226
121,5.818181818181818,1.7878787878787878,2.272727272727273,0.6060606060606061,1.0606060606060606,8.515151515151516,3.8484848484848486,3.5757575757575757,2.757575757575758,3.1515151515151514,69.80861170099212,25.816826777227224,18.828578330580555
122,3.774193548387097,0.3870967741935484,3.5161290322580645,1.0,0.3548387096774194,8.774193548387096,3.806451612903226,2.225806451612903,1.6774193548387097,1.4516129032258065,71.20226512892546,22.107741278329513,13.229190796553226
123,2.5,0.43333333333333335,1.6,0.6333333333333333,0.13333333333333333,3.466666666666667,1.5666666666666667,1.3,0.7333333333333333,1.3333333333333333,67.35349692806304,25.71230412955614,13.79457296378426
124,2.142857142857143,0.5714285714285714,1.5238095238095237,0.5238095238095238,0.14285714285714285,3.380952380952381,1.1904761904761905,0.7619047619047619,0.3333333333333333,0.7619047619047619,67.78299476524587,24.711036861266283,13.664873898348592
125,0.25,0.375,0.125,0.125,0.0,0.625,0.375,0.75,0.5,0.5,71.5014068719951,25.375301060595177,16.827332797921034
126,0.5555555555555556,0.2222222222222222,0.16666666666666666,0.16666666666666666,0.0,0.6666666666666666,0.16666666666666666,0.3333333333333333,0.2222222222222222,0.16666666666666666,77.1287122375832,26.28814004096262,12.4869794333504
127,1.16,0.48,0.2,0.28,0.12,2.72,1.04,0.44,0.24,0.32,61.89632110579479,25.173067100311684,15.15991577279503
128,0.48148148148148145,0.14814814814814814,1.2222222222222223,0.4444444444444444,0.0,0.9629629629629629,0.2962962962962963,0.5925925925925926,0.4074074074074074,0.5555555555555556,71.5014068719951,25.375301060595177,16.827332797921034
129,0.5925925925925926,0.18518518518518517,0.7037037037037037,0.5555555555555556,0.037037037037037035,2.5555555555555554,1.037037037037037,0.4444444444444444,0.25925925925925924,0.48148148148148145,77.1287122375832,26.28814004096262,12.4869794333504
130,1.4827586206896552,1.0344827586206897,0.20689655172413793,0.20689655172413793,0.20689655172413793,2.0,1.0344827586206897,0.8620689655172413,0.3103448275862069,0.4827586206896552,68.18009894091415,26.089607984469303,15.249487399157564
131,1.8571428571428572,0.6428571428571429,0.6428571428571429,0.35714285714285715,0.0,7.5,3.642857142857143,0.9285714285714286,0.7857142857142857,0.6428571428571429,66.66015325670499,19.789299397920086,10.629064039408867
132,1.5172413793103448,0.4827586206896552,0.5862068965517241,0.5862068965517241,0.034482758620689655,1.3793103448275863,0.41379310344827586,0.5172413793103449,0.3103448275862069,0.4482758620689655,78.33126819000428,20.126160754336507,18.799856931629733
133,1.1818181818181819,0.2727272727272727,0.6666666666666666,0.9090909090909091,0.06060606060606061,1.5454545454545454,0.6060606060606061,0.24242424242424243,0.09090909090909091,0.5757575757575758,69.80365315687897,22.66462462268914,15.42295428585751
134,1.0,0.6666666666666666,0.0,0.0,0.3333333333333333,1.0,1.0,0.0,0.0,0.6666666666666666,71.20226512892546,22.107741278329513,13.229190796553226
135,1.53125,0.09375,0.8125,0.53125,0.03125,5.8125,2.21875,0.8125,0.625,0.65625,68.18009894091415,26.089607984469303,15.249487399157564
136,2.375,0.34375,0.78125,0.6875,0.1875,6.53125,2.4375,1.53125,1.25,1.375,72.31415721375399,25.331005016488888,14.323851887359952
137,1.0625,1.15625,0.5,0.53125,0.0,4.78125,1.75,1.03125,0.875,0.65625,62.661238497320255,21.71397259581353,11.370108341479309
138,1.8181818181818181,0.3333333333333333,2.272727272727273,1.2121212121212122,0.030303030303030304,11.181818181818182,4.454545454545454,2.1818181818181817,1.7575757575757576,1.5454545454545454,78.33126819000428,20.126160754336507,18.799856931629733
139,1.5172413793103448,0.1724137931034483,0.7241379310344828,0.6206896551724138,0.13793103448275862,3.3793103448275863,1.2758620689655173,0.9655172413793104,0.7241379310344828,0.6551724137931034,67.35349692806304,25.71230412955614,13.79457296378426
140,1.3611111111111112,0.1388888888888889,0.8055555555555556,0.3055555555555556,0.08333333333333333,6.805555555555555,2.638888888888889,2.388888888888889,1.9166666666666667,0.8333333333333334,66.66015325670499,19.789299397920086,10.629064039408867
141,1.4,0.5,2.5,1.4,0.3,3.9,1.6,2.4,1.1,1.5,71.5014068719951,25.375301060595177,16.827332797921034
142,1.4375,0.53125,2.09375,1.15625,0.25,3.34375,1.15625,1.3125,0.875,0.875,77.1287122375832,26.28814004096262,12.4869794333504
143,3.0,0.3333333333333333,2.625,0.9166666666666666,0.041666666666666664,6.333333333333333,2.5,1.125,0.9583333333333334,2.0833333333333335,72.31415721375399,25.331005016488888,14.323851887359952
144,2.8181818181818183,1.3333333333333333,1.0303030303030303,0.6060606060606061,0.3333333333333333,4.0606060606060606,1.9090909090909092,2.878787878787879,1.7878787878787878,1.1515151515151516,69.80861170099212,25.816826777227224,18.828578330580555
145,0.9,0.35,0.35,0.35,0.1,1.0,0.5,0.2,0.0,0.15,71.20226512892546,22.107741278329513,13.229190796553226
146,1.3333333333333333,0.3,0.8666666666666667,0.5333333333333333,0.0,4.966666666666667,1.8666666666666667,1.9333333333333333,1.4333333333333333,0.9333333333333333,69.80861170099212,25.816826777227224,18.828578330580555
147,0.2222222222222222,0.0,0.0,0.0,0.0,0.4444444444444444,0.1111111111111111,0.0,0.0,0.3333333333333333,69.80861170099212,25.816826777227224,18.828578330580555
148,0.2,0.0,0.8,0.0,0.0,0.2,0.0,0.6,0.4,0.6,71.20226512892546,22.107741278329513,13.229190796553226
149,1.9,0.6333333333333333,0.16666666666666666,0.26666666666666666,0.6666666666666666,1.2,0.6666666666666666,0.43333333333333335,0.3,0.7333333333333333,72.31415721375399,25.331005016488888,14.323851887359952
150,0.7586206896551724,0.5172413793103449,1.5172413793103448,0.7241379310344828,0.20689655172413793,5.379310344827586,2.2413793103448274,0.41379310344827586,0.20689655172413793,0.8275862068965517,78.33126819000428,20.126160754336507,18.799856931629733
151,0.5,0.0,0.5,0.5,0.0,2.0,0.0,0.0,0.0,0.0,69.80365315687897,22.66462462268914,15.42295428585751
152,3.6,0.7428571428571429,1.4857142857142858,0.9428571428571428,0.45714285714285713,7.228571428571429,3.4,1.1714285714285715,0.6571428571428571,1.1142857142857143,66.37446553990671,19.520578155504626,10.961187070010599
153,3.696969696969697,1.0909090909090908,0.6060606060606061,0.6363636363636364,0.45454545454545453,5.0606060606060606,2.393939393939394,2.696969696969697,1.4242424242424243,0.7272727272727273,70.44860761997859,24.502013219755156,15.048996590327235
154,1.5555555555555556,1.2222222222222223,0.4444444444444444,0.3333333333333333,0.1111111111111111,2.5555555555555554,1.4444444444444444,1.6666666666666667,0.8888888888888888,1.3333333333333333,69.80861170099212,25.816826777227224,18.828578330580555
155,1.3181818181818181,1.0,0.2727272727272727,0.5,0.18181818181818182,1.6363636363636365,1.0454545454545454,0.9545454545454546,0.5,0.3181818181818182,62.661238497320255,21.71397259581353,11.370108341479309
156,4.40625,1.28125,1.0625,0.96875,0.375,6.71875,2.9375,2.8125,2.0625,1.46875,59.068048144554936,21.922249589490967,13.984425451141759
157,4.861111111111111,0.6666666666666666,3.7777777777777777,0.6666666666666666,0.3611111111111111,17.444444444444443,7.388888888888889,4.833333333333333,3.9166666666666665,2.861111111111111,66.66015325670499,19.789299397920086,10.629064039408867
158,2.5454545454545454,0.7878787878787878,1.8181818181818181,0.9696969696969697,0.18181818181818182,12.454545454545455,4.96969696969697,2.696969696969697,2.090909090909091,2.1515151515151514,69.80861170099212,25.816826777227224,18.828578330580555
159,2.1176470588235294,0.7352941176470589,1.2352941176470589,1.1176470588235294,0.17647058823529413,12.588235294117647,5.176470588235294,2.6470588235294117,2.176470588235294,1.6764705882352942,71.20226512892546,22.107741278329513,13.229190796553226
160,2.096774193548387,0.3225806451612903,3.5483870967741935,1.032258064516129,0.0,8.387096774193548,3.225806451612903,1.935483870967742,1.5161290322580645,2.032258064516129,72.31415721375399,25.331005016488888,14.323851887359952
161,2.5172413793103448,0.4482758620689655,4.172413793103448,0.9655172413793104,0.034482758620689655,6.344827586206897,2.3448275862068964,2.0,1.5172413793103448,2.586206896551724,64.36598613196222,20.879461331679074,14.244043951969426
162,0.2857142857142857,0.0,0.0,0.0,0.0,0.5714285714285714,0.2857142857142857,0.0,0.0,0.0,68.18009894091415,26.089607984469303,15.249487399157564
163,0.5,0.25,0.625,0.375,0.0,1.5,0.5,0.5,0.5,0.25,60.12512103338716,15.315090524767944,10.273972406028857
164,0.5555555555555556,0.2222222222222222,0.3333333333333333,0.1111111111111111,0.0,0.8888888888888888,0.2222222222222222,0.0,0.0,0.1111111111111111,66.37446553990671,19.520578155504626,10.961187070010599
165,3.2777777777777777,0.5555555555555556,0.8888888888888888,0.6111111111111112,0.3333333333333333,9.222222222222221,3.9444444444444446,4.5,2.8333333333333335,1.2222222222222223,77.1287122375832,26.28814004096262,12.4869794333504
166,1.0,0.0,0.5,0.1,0.0,1.2,0.7,0.6,0.2,0.7,67.35349692806304,25.71230412955614,13.79457296378426
167,4.290322580645161,1.903225806451613,0.6129032258064516,1.032258064516129,0.45161290322580644,3.6129032258064515,2.129032258064516,1.2258064516129032,0.8064516129032258,0.8709677419354839,60.12512103338716,15.315090524767944,10.273972406028857
168,6.21875,1.5625,1.125,1.5,0.65625,7.6875,3.65625,1.6875,1.125,1.59375,67.78299476524587,24.711036861266283,13.664873898348592
169,2.638888888888889,0.5555555555555556,1.6111111111111112,1.1666666666666667,0.3611111111111111,6.166666666666667,2.3333333333333335,1.8888888888888888,1.5,1.1388888888888888,66.66015325670499,19.789299397920086,10.629064039408867
170,1.25,0.1875,0.0,0.125,0.0625,1.8125,0.5,0.375,0.125,0.3125,72.31415721375399,25.331005016488888,14.323851887359952
171,4.0,2.34375,0.46875,0.46875,0.65625,6.3125,3.625,3.09375,1.5625,1.3125,72.31415721375399,25.331005016488888,14.323851887359952
172,2.911764705882353,1.6176470588235294,0.08823529411764706,0.47058823529411764,0.6176470588235294,2.676470588235294,1.5588235294117647,1.7058823529411764,0.7941176470588235,1.1470588235294117,61.89632110579479,25.173067100311684,15.15991577279503
173,3.875,1.78125,0.3125,0.59375,0.59375,4.9375,3.0,2.875,1.9375,0.65625,60.6644253734771,22.15436655946945,12.379609741852512
174,2.1153846153846154,0.5384615384615384,2.0384615384615383,1.0,0.07692307692307693,7.769230769230769,3.1538461538461537,1.8461538461538463,1.3846153846153846,1.7692307692307692,71.5014068719951,25.375301060595177,16.827332797921034
175,2.9285714285714284,0.8571428571428571,1.7857142857142858,1.1785714285714286,0.14285714285714285,10.285714285714286,4.214285714285714,2.3214285714285716,1.8571428571428572,1.2142857142857142,77.1287122375832,26.28814004096262,12.4869794333504
176,1.9090909090909092,0.4090909090909091,1.2272727272727273,0.8181818181818182,0.2727272727272727,8.136363636363637,2.9545454545454546,1.2272727272727273,0.8636363636363636,0.9090909090909091,71.20226512892546,22.107741278329513,13.229190796553226
177,2.9375,0.4375,2.71875,0.75,0.0625,10.5,4.75,1.78125,1.21875,1.90625,60.12512103338716,15.315090524767944,10.273972406028857
178,2.764705882352941,0.17647058823529413,2.0,0.8235294117647058,0.0,10.794117647058824,4.529411764705882,1.6176470588235294,1.2647058823529411,1.3823529411764706,66.37446553990671,19.520578155504626,10.961187070010599
179,3.875,1.03125,2.46875,0.75,0.125,12.09375,4.84375,1.8125,1.375,1.125,60.12512103338716,15.315090524767944,10.273972406028857
180,3.90625,2.40625,0.53125,0.40625,1.4375,5.0625,3.34375,2.59375,1.25,1.09375,68.18009894091415,26.089607984469303,15.249487399157564
181,3.78125,2.09375,0.5,0.5,0.125,4.34375,2.34375,2.125,1.25,0.84375,64.36598613196222,20.879461331679074,14.244043951969426
182,3.3,2.2,1.1,0.9,0.1,4.6,2.5,4.3,2.6,2.3,68.18009894091415,26.089607984469303,15.249487399157564
183,2.15625,0.40625,1.375,1.125,0.125,14.1875,5.9375,3.78125,3.34375,2.28125,59.068048144554936,21.922249589490967,13.984425451141759
184,0.5357142857142857,0.10714285714285714,0.6428571428571429,0.35714285714285715,0.0,1.2857142857142858,0.6071428571428571,1.1071428571428572,0.7857142857142857,0.9285714285714286,60.6644253734771,22.15436655946945,12.379609741852512
185,0.696969696969697,0.5151515151515151,0.3333333333333333,0.2727272727272727,0.24242424242424243,2.272727272727273,0.8787878787878788,0.12121212121212122,0.09090909090909091,0.5757575757575758,69.80365315687897,22.66462462268914,15.42295428585751
186,0.7333333333333333,0.3333333333333333,0.0,0.13333333333333333,0.0,0.6,0.3333333333333333,1.4,0.8666666666666667,0.2,66.37446553990671,19.520578155504626,10.961187070010599
187,0.6153846153846154,0.38461538461538464,0.07692307692307693,0.23076923076923078,0.23076923076923078,0.6923076923076923,0.46153846153846156,0.6153846153846154,0.23076923076923078,0.3076923076923077,67.78299476524587,24.711036861266283,13.664873898348592
188,2.161290322580645,0.5806451612903226,0.1935483870967742,0.22580645161290322,0.9354838709677419,1.4838709677419355,0.9032258064516129,0.2903225806451613,0.12903225806451613,0.4838709677419355,77.1287122375832,26.28814004096262,12.4869794333504
189,0.875,0.6875,0.5,0.1875,0.25,1.25,0.4375,0.375,0.1875,0.3125,64.36598613196222,20.879461331679074,14.244043951969426
190,2.6129032258064515,1.032258064516129,1.3548387096774193,0.967741935483871,0.16129032258064516,11.387096774193548,4.870967741935484,2.870967741935484,2.3870967741935485,1.3225806451612903,64.36598613196222,20.879461331679074,14.244043951969426
191,2.96875,1.0625,2.0625,1.125,0.25,15.0,7.15625,3.34375,2.75,1.9375,68.18009894091415,26.089607984469303,15.249487399157564
192,1.71875,0.15625,2.5,0.625,0.1875,4.96875,2.125,3.71875,2.46875,1.96875,64.36598613196222,20.879461331679074,14.244043951969426
193,3.576923076923077,0.5769230769230769,4.6923076923076925,1.3461538461538463,0.38461538461538464,9.23076923076923,3.9615384615384617,4.576923076923077,3.730769230769231,2.5,68.18009894091415,26.089607984469303,15.249487399157564
194,3.4193548387096775,1.064516129032258,0.967741935483871,0.9354838709677419,0.3225806451612903,6.129032258064516,2.5161290322580645,2.6774193548387095,1.8709677419354838,1.6774193548387097,59.068048144554936,21.922249589490967,13.984425451141759
195,3.2222222222222223,1.3055555555555556,0.9722222222222222,0.7222222222222222,0.1111111111111111,5.75,2.5833333333333335,1.6944444444444444,1.3888888888888888,1.2777777777777777,66.66015325670499,19.789299397920086,10.629064039408867
196,4.944444444444445,2.5,0.8611111111111112,0.4444444444444444,0.3055555555555556,7.444444444444445,3.5555555555555554,1.9722222222222223,1.25,0.9444444444444444,66.66015325670499,19.789299397920086,10.629064039408867
197,1.8275862068965518,1.1379310344827587,0.2413793103448276,0.10344827586206896,0.41379310344827586,3.0,1.6551724137931034,1.3103448275862069,0.896551724137931,0.3793103448275862,59.068048144554936,21.922249589490967,13.984425451141759
198,3.0625,2.3125,0.21875,0.34375,1.34375,4.125,2.65625,2.46875,1.1875,1.03125,59.068048144554936,21.922249589490967,13.984425451141759
199,4.916666666666667,2.5277777777777777,0.3888888888888889,0.4444444444444444,1.6666666666666667,4.916666666666667,3.1666666666666665,2.1944444444444446,1.1666666666666667,0.5,66.66015325670499,19.789299397920086,10.629064039408867
200,1.9523809523809523,1.1904761904761905,0.7142857142857143,0.5238095238095238,0.42857142857142855,3.5238095238095237,2.0,1.2857142857142858,0.6190476190476191,1.0952380952380953,78.33126819000428,20.126160754336507,18.799856931629733
201,1.8571428571428572,2.2857142857142856,0.2857142857142857,0.42857142857142855,0.42857142857142855,2.5714285714285716,1.1428571428571428,1.1428571428571428,0.14285714285714285,0.5714285714285714,70.44860761997859,24.502013219755156,15.048996590327235
202,2.096774193548387,0.8709677419354839,0.5483870967741935,0.22580645161290322,0.16129032258064516,2.2580645161290325,1.2258064516129032,1.2258064516129032,0.3548387096774194,0.4838709677419355,62.661238497320255,21.71397259581353,11.370108341479309
203,4.0,1.5142857142857142,2.085714285714286,0.7714285714285715,1.1142857142857143,5.828571428571428,3.4,2.6285714285714286,1.6857142857142857,1.457142857142857,66.37446553990671,19.520578155504626,10.961187070010599
204,2.9705882352941178,1.7058823529411764,1.7647058823529411,2.2058823529411766,0.29411764705882354,7.470588235294118,3.6470588235294117,4.088235294117647,2.676470588235294,1.1764705882352942,61.89632110579479,25.173067100311684,15.15991577279503
205,3.393939393939394,1.9393939393939394,2.393939393939394,2.272727272727273,0.6666666666666666,9.696969696969697,4.333333333333333,4.484848484848484,3.272727272727273,2.121212121212121,60.6644253734771,22.15436655946945,12.379609741852512
206,0.6666666666666666,0.0,0.0,0.0,0.3333333333333333,0.0,0.0,0.0,0.0,0.6666666666666666,69.80365315687897,22.66462462268914,15.42295428585751
207,1.4444444444444444,0.7777777777777778,0.8888888888888888,0.5555555555555556,0.7777777777777778,1.6666666666666667,1.0,1.0,0.3333333333333333,1.3333333333333333,69.80861170099212,25.816826777227224,18.828578330580555
208,1.56,0.8,0.24,0.2,0.64,2.16,1.2,0.68,0.4,0.52,78.33126819000428,20.126160754336507,18.799856931629733
209,1.8571428571428572,1.4285714285714286,0.14285714285714285,0.14285714285714285,0.14285714285714285,4.0,2.142857142857143,0.8571428571428571,0.2857142857142857,0.7142857142857143,69.80365315687897,22.66462462268914,15.42295428585751
210,3.0,0.0,1.0,0.0,0.0,7.0,4.0,0.0,0.0,2.0,78.33126819000428,20.126160754336507,18.799856931629733
211,0.25,0.0,1.0,0.0,0.0,2.25,0.25,0.5,0.25,0.25,69.80365315687897,22.66462462268914,15.42295428585751
212,5.862068965517241,2.3793103448275863,1.2758620689655173,0.896551724137931,0.0,10.379310344827585,4.689655172413793,4.758620689655173,3.1724137931034484,2.0,62.661238497320255,21.71397259581353,11.370108341479309
213,0.9696969696969697,0.5454545454545454,0.6666666666666666,0.6666666666666666,0.030303030303030304,6.454545454545454,2.4242424242424243,1.4242424242424243,1.0,1.0303030303030303,78.33126819000428,20.126160754336507,18.799856931629733
214,2.5625,0.34375,3.03125,1.0625,0.21875,7.65625,3.03125,2.1875,1.59375,2.1875,59.068048144554936,21.922249589490967,13.984425451141759
215,2.103448275862069,0.5862068965517241,3.0,1.1379310344827587,0.034482758620689655,7.137931034482759,2.8275862068965516,2.6551724137931036,2.1724137931034484,1.5862068965517242,66.66015325670499,19.789299397920086,10.629064039408867
216,2.3636363636363638,1.5454545454545454,0.18181818181818182,0.5,0.4090909090909091,7.045454545454546,3.3636363636363638,2.3636363636363638,1.9545454545454546,0.7727272727272727,72.31415721375399,25.331005016488888,14.323851887359952
217,3.8125,2.0,0.5,0.5,0.71875,9.59375,3.78125,1.40625,0.96875,0.6875,62.661238497320255,21.71397259581353,11.370108341479309
218,3.8484848484848486,2.3333333333333335,1.9393939393939394,0.696969696969697,0.9090909090909091,4.090909090909091,1.7575757575757576,0.9696969696969697,0.7878787878787878,1.1515151515151516,70.44860761997859,24.502013219755156,15.048996590327235
219,2.878787878787879,1.9393939393939394,0.7878787878787878,0.36363636363636365,0.48484848484848486,7.515151515151516,4.121212121212121,2.4242424242424243,1.6363636363636365,1.393939393939394,71.5014068719951,25.375301060595177,16.827332797921034
220,1.0,1.0,4.0,0.0,1.0,1.0,1.0,0.0,0.0,1.0,78.33126819000428,20.126160754336507,18.799856931629733
221,0.3333333333333333,0.0,0.5,0.3333333333333333,0.0,0.5,0.5,0.0,0.0,0.16666666666666666,69.80365315687897,22.66462462268914,15.42295428585751
222,0.6666666666666666,0.2777777777777778,0.5555555555555556,0.3888888888888889,0.05555555555555555,2.2777777777777777,1.0555555555555556,1.1111111111111112,0.5555555555555556,0.5555555555555556,70.44860761997859,24.502013219755156,15.048996590327235
223,1.3870967741935485,0.25806451612903225,1.1290322580645162,0.3870967741935484,0.12903225806451613,6.483870967741935,2.161290322580645,0.967741935483871,0.6774193548387096,1.3225806451612903,70.44860761997859,24.502013219755156,15.048996590327235
224,0.18181818181818182,0.09090909090909091,1.0,0.6363636363636364,0.0,2.0,0.8181818181818182,0.18181818181818182,0.18181818181818182,0.5454545454545454,61.89632110579479,25.173067100311684,15.15991577279503
225,2.1515151515151514,0.2727272727272727,3.0303030303030303,0.7878787878787878,0.24242424242424243,14.06060606060606,5.393939393939394,5.121212121212121,4.484848484848484,2.4242424242424243,70.44860761997859,24.502013219755156,15.048996590327235
226,3.7,2.2333333333333334,0.6333333333333333,0.5,1.0333333333333334,5.166666666666667,2.6666666666666665,1.7333333333333334,1.1666666666666667,1.5,64.36598613196222,20.879461331679074,14.244043951969426
227,1.2857142857142858,1.0476190476190477,0.3333333333333333,0.14285714285714285,0.2857142857142857,4.333333333333333,1.9047619047619047,0.9047619047619048,0.8571428571428571,0.38095238095238093,67.78299476524587,24.711036861266283,13.664873898348592
228,2.7857142857142856,0.2857142857142857,5.214285714285714,1.0714285714285714,0.21428571428571427,6.178571428571429,2.357142857142857,2.4642857142857144,1.8928571428571428,2.357142857142857,67.35349692806304,25.71230412955614,13.79457296378426
229,2.032258064516129,0.22580645161290322,7.903225806451613,0.8387096774193549,0.2903225806451613,7.935483870967742,3.064516129032258,3.193548387096774,2.6774193548387095,2.967741935483871,67.78299476524587,24.711036861266283,13.664873898348592
230,1.878787878787879,1.2121212121212122,0.7272727272727273,0.24242424242424243,1.7272727272727273,2.696969696969697,1.7878787878787878,1.7878787878787878,1.2424242424242424,0.7272727272727273,78.33126819000428,20.126160754336507,18.799856931629733
231,1.967741935483871,0.8709677419354839,0.4838709677419355,0.3225806451612903,0.3225806451612903,3.4516129032258065,2.0,1.4838709677419355,0.8064516129032258,0.3548387096774194,60.12512103338716,15.315090524767944,10.273972406028857
232,3.5588235294117645,1.6470588235294117,0.8529411764705882,0.4117647058823529,0.9705882352941176,3.9411764705882355,2.264705882352941,3.0,1.6470588235294117,1.2352941176470589,71.20226512892546,22.107741278329513,13.229190796553226
233,2.4838709677419355,0.45161290322580644,1.2580645161290323,0.9032258064516129,0.03225806451612903,9.741935483870968,4.161290322580645,3.903225806451613,3.032258064516129,1.1935483870967742,67.35349692806304,25.71230412955614,13.79457296378426
234,0.0,0.0,0.0,0.0,0.0,0.5,0.0,0.0,0.0,0.25,59.068048144554936,21.922249589490967,13.984425451141759
235,2.1538461538461537,0.46153846153846156,0.6923076923076923,0.6538461538461539,0.3076923076923077,4.461538461538462,1.6538461538461537,0.9615384615384616,0.5769230769230769,0.6538461538461539,69.80365315687897,22.66462462268914,15.42295428585751
236,1.1379310344827587,0.5862068965517241,0.5862068965517241,0.41379310344827586,0.06896551724137931,3.7241379310344827,1.0689655172413792,1.5517241379310345,1.2413793103448276,0.7586206896551724,69.80861170099212,25.816826777227224,18.828578330580555
237,1.2903225806451613,0.3548387096774194,0.2903225806451613,0.1935483870967742,0.03225806451612903,3.161290322580645,1.4838709677419355,0.7741935483870968,0.6129032258064516,0.6451612903225806,71.20226512892546,22.107741278329513,13.229190796553226
238,2.323529411764706,0.5882352941176471,2.5,1.7058823529411764,0.20588235294117646,12.588235294117647,5.205882352941177,3.6470588235294117,2.588235294117647,1.9411764705882353,61.89632110579479,25.173067100311684,15.15991577279503
239,1.3846153846153846,0.4230769230769231,0.5384615384615384,0.46153846153846156,0.0,4.0,1.5769230769230769,1.8076923076923077,1.1153846153846154,0.5769230769230769,67.35349692806304,25.71230412955614,13.79457296378426
240,0.36,0.16,0.24,0.36,0.04,2.36,1.0,0.56,0.44,0.16,61.89632110579479,25.173067100311684,15.15991577279503
241,0.9375,0.3125,0.46875,0.4375,0.0625,3.03125,1.0,0.3125,0.25,0.25,60.6644253734771,22.15436655946945,12.379609741852512
242,3.676470588235294,0.8529411764705882,2.2058823529411766,1.4705882352941178,1.0588235294117647,7.0588235294117645,3.4705882352941178,1.3529411764705883,1.0,1.5588235294117647,71.5014068719951,25.375301060595177,16.827332797921034
243,5.53125,1.09375,1.40625,1.1875,0.625,9.34375,3.9375,1.75,1.15625,1.5625,77.1287122375832,26.28814004096262,12.4869794333504
244,1.0,1.0,0.7647058823529411,0.4117647058823529,0.17647058823529413,2.9411764705882355,1.411764705882353,0.6470588235294118,0.4117647058823529,0.7647058823529411,67.35349692806304,25.71230412955614,13.79457296378426
245,1.8214285714285714,0.4642857142857143,0.5714285714285714,0.39285714285714285,0.14285714285714285,4.178571428571429,2.0,2.357142857142857,1.8928571428571428,0.9285714285714286,71.5014068719951,25.375301060595177,16.827332797921034
246,0.9,0.45,0.6,0.35,0.1,1.95,0.5,0.3,0.25,0.7,69.80861170099212,25.816826777227224,18.828578330580555
247,0.125,0.0,0.0,0.125,0.0,1.125,0.25,0.0,0.0,0.0,71.5014068719951,25.375301060595177,16.827332797921034
248,0.0,0.2222222222222222,0.0,0.2222222222222222,0.0,1.1111111111111112,0.3333333333333333,0.1111111111111111,0.0,0.0,77.1287122375832,26.28814004096262,12.4869794333504
249,0.26666666666666666,0.06666666666666667,0.06666666666666667,0.0,0.0,0.6666666666666666,0.4,0.26666666666666666,0.06666666666666667,0.13333333333333333,59.068048144554936,21.922249589490967,13.984425451141759
250,3.7142857142857144,0.3142857142857143,1.0285714285714285,0.9142857142857143,0.11428571428571428,8.257142857142858,4.771428571428571,2.5142857142857142,1.9428571428571428,0.6,66.37446553990671,19.520578155504626,10.961187070010599
251,1.0909090909090908,0.45454545454545453,0.5,0.5454545454545454,0.0,4.454545454545454,1.8181818181818181,1.2727272727272727,0.8181818181818182,0.4090909090909091,72.31415721375399,25.331005016488888,14.323851887359952
252,0.6774193548387096,0.2903225806451613,0.1935483870967742,0.16129032258064516,0.0,2.7096774193548385,1.032258064516129,0.7741935483870968,0.6451612903225806,0.45161290322580644,59.068048144554936,21.922249589490967,13.984425451141759
253,3.033333333333333,2.033333333333333,0.5666666666666667,0.5333333333333333,1.9,8.466666666666667,4.333333333333333,2.3,1.5333333333333334,1.8333333333333333,69.80365315687897,22.66462462268914,15.42295428585751
254,1.0714285714285714,1.25,0.14285714285714285,0.17857142857142858,0.42857142857142855,1.3928571428571428,0.6428571428571429,0.42857142857142855,0.17857142857142858,0.21428571428571427,67.35349692806304,25.71230412955614,13.79457296378426
255,0.9285714285714286,0.75,0.03571428571428571,0.2857142857142857,0.25,0.8928571428571429,0.6785714285714286,0.8214285714285714,0.35714285714285715,0.35714285714285715,67.78299476524587,24.711036861266283,13.664873898348592
256,0.5,0.5,0.0,0.0,0.0,1.0,0.25,0.5,0.0,0.25,66.37446553990671,19.520578155504626,10.961187070010599
257,3.6666666666666665,3.3333333333333335,1.6666666666666667,0.0,0.6666666666666666,5.333333333333333,2.6666666666666665,4.0,3.0,0.6666666666666666,67.78299476524587,24.711036861266283,13.664873898348592
258,0.42857142857142855,0.42857142857142855,0.0,0.0,0.0,0.42857142857142855,0.2857142857142857,0.0,0.0,0.2857142857142857,68.18009894091415,26.089607984469303,15.249487399157564
259,3.735294117647059,1.2647058823529411,3.1176470588235294,1.7647058823529411,0.29411764705882354,8.911764705882353,3.5588235294117645,4.735294117647059,3.4705882352941178,2.7941176470588234,61.89632110579479,25.173067100311684,15.15991577279503
260,0.6,0.06666666666666667,0.06666666666666667,0.0,0.06666666666666667,0.26666666666666666,0.06666666666666667,0.4,0.3333333333333333,0.26666666666666666,72.31415721375399,25.331005016488888,14.323851887359952
261,4.59375,1.65625,4.03125,0.90625,1.1875,7.90625,4.6875,4.5,2.4375,2.8125,60.12512103338716,15.315090524767944,10.273972406028857
262,4.71875,1.53125,5.125,0.6875,1.03125,8.65625,4.21875,4.5,2.4375,2.5625,66.37446553990671,19.520578155504626,10.961187070010599
263,1.65625,0.59375,3.09375,0.96875,0.0,8.21875,3.28125,3.65625,2.84375,1.375,62.661238497320255,21.71397259581353,11.370108341479309
264,0.5925925925925926,0.14814814814814814,0.25925925925925924,0.1111111111111111,0.037037037037037035,1.6296296296296295,0.6296296296296297,0.25925925925925924,0.2222222222222222,0.18518518518518517,60.12512103338716,15.315090524767944,10.273972406028857
265,0.96875,0.25,0.3125,0.1875,0.03125,2.65625,1.125,0.28125,0.09375,0.21875,66.37446553990671,19.520578155504626,10.961187070010599
